{
  "1600 Pennsylvania Avenue NW, Washington, DC 20500": [
    38.8976387,
    -77.0365528
  ],
  "60033": [
    42.0522,
    -88.0392
  ],
  "123 Main Street, Springfield, IL": [
    39.6976631,
    -89.7048157
  ],
  "907 rollingwood 60035": [
    42.1756831,
    -87.8020853
  ],
  "123 N LaSalle St, Chicago": [
    41.8781,
    -87.6298
  ],
  "60645": [
    41.97,
    -87.68
  ]
}